,viewCount,subscriberCount,videoCount
Eric Church,931917592,785000.0,61
Eric Church - Topic,197237191,21600.0,557
Shelby Church,136921608,1720000.0,438
ONE | A Potter's House Church,85024229,732000.0,898
Saddleback Church,75752215,492000.0,1384
Church Newsroom,69108397,159000.0,1248
Quiapo Church,49924879,257000.0,4948
Hillsong Church,46983359,543000.0,946
Lakewood Church,42851410,444000.0,788
Life.Church,41930003,522000.0,762
Abba Pai Church,39143112,603000.0,641
ACA Church Avadi,35433487,145000.0,3017
Alfred Street Baptist Church,34674288,143000.0,2444
Northland Church,30853407,109000.0,1472
Seventh-day Adventist Church,26345733,203000.0,938
New Life TV KENYA,26344309,,965
New Creation Church,25694690,197000.0,197
City Harvest Church,25655525,112000.0,1224
Times Square Church,25223326,153000.0,1257
Salvation Church of God,20577333,86900.0,1360
Meat Church BBQ,20568821,347000.0,114
The Lighthouse Church of Houston,20427368,204000.0,628
LAGOINHA MIAMI CHURCH,20053388,326000.0,224
Calvary Church with Skip Heitzig,19955883,126000.0,1515
FEEL FREE CHURCH Dar es salaam,17700799,,802
VOUS Church,17240475,234000.0,659
Church on the Move,16705970,18000.0,806
Rocha Church,14932828,92500.0,1177
The Village Church - Flower Mound,13424593,111000.0,1237
Capital Community Church,12973621,86500.0,1459
GMS Church,11232457,156000.0,1877
Watermark Community Church,9642080,26200.0,909
Church of the City,9155849,37600.0,19
Southland Christian Church,8918448,21300.0,342
Flatirons Community Church,8808542,39700.0,814
HTB Church,8430832,56900.0,1139
Church of the Cosmic Skull,8404132,41900.0,32
Red Rocks Church,8311105,64800.0,430
Bethel AG Church,8307122,,1089
Chet Valley Churches,7788632,19900.0,760
Archive of Recorded Church Music,7509523,19300.0,1318
Relentless Church,6946312,127000.0,330
Oakwood University Church,6845082,36600.0,1007
The King's Temple Church,6520103,94800.0,658
Life.Church Worship,5806416,38700.0,75
Hillsong Church UK,5721586,45700.0,564
Seacoast Church,5590461,49000.0,690
Reality of Christ Church,5499619,54900.0,974
"Word Of Life Church, Lebanon",5452660,17100.0,221
NewHope Church,5130302,18500.0,583
Prestonwood Baptist Church,5063201,28500.0,648
EFATHA CHURCH,5000610,,373
CRC Church,4898571,50700.0,1004
New Creation Church Ethiopia,4645574,,279
James River Church,4607017,45600.0,606
International Church of Las Vegas (ICLV),4404752,24500.0,970
St Peters Church Bandra,4370762,42100.0,1795
One Community Church,4249703,41300.0,781
North Coast Church,4138203,14900.0,1602
Concord Church,3840173,25100.0,957
Loma Linda University Church,3506289,26800.0,1493
Evangelical Lutheran Church in America,3363232,11700.0,1094
Church News,3255739,21700.0,144
"Stars in the Desert, Church of God",3198361,39600.0,562
Southeast Christian Church,3172012,32400.0,772
OLPS Church Chembur,3038727,25400.0,393
Passion City Church DC,2898923,41400.0,122
Willow Creek Community Church,2861591,24100.0,710
Eastside Christian Church,2706760,23800.0,292
Word Music & Church Resources,2448535,4710.0,887
Atlanta Berean Church,2429300,10500.0,1456
United Church of Christ,2266794,7490.0,1576
Njiro SDA Church,2219516,15600.0,26
Celebration Church,2203296,43900.0,191
Grace Trinity Church Assemblies of God,2076618,11200.0,703
"Saint Mary, Mother of God Church",2037017,25000.0,98
Halwot Emmanuel Church,2026047,,110
Wheeler Avenue Baptist Church,2001278,16200.0,499
River Pointe & West End Church,1984959,8310.0,1521
Move Church,1957168,15200.0,483
Perfecting Church - Official Youtube Channel,1911626,10100.0,435
كنيستي My Church,1910066,12300.0,1315
Union Church,1822556,40600.0,342
Village Church,1819454,15600.0,1012
Lakepointe Church,1784835,28700.0,236
Celebration Church Int'l,1781503,25000.0,359
Eagle Mountain International Church,1737483,17100.0,656
Whites Ferry Road Church,1734335,13400.0,895
Shoreline City Church,1701887,24200.0,295
"Sacred Heart Church, Andheri",1676848,11600.0,715
Stonebriar Community Church,1618575,12700.0,842
Blue Ball Mennonite Church,1618268,9820.0,159
Transformation Church,1612409,29900.0,601
Twin Lakes Church,1611172,4230.0,1620
Hillsong Church East Coast,1547603,47500.0,156
Slavic Gospel Church,1477816,3970.0,1591
Gwinnett Church,1395263,5060.0,302
Lighthouse Church,1391820,11500.0,580
Kensington Church,1353235,,2020
Embassy City Church,1337042,20000.0,284
Music for Church,1288584,8540.0,85
Ruach City Church,1281433,9020.0,446
Newlife SDA Church Nairobi,1225517,11700.0,713
The Waterbrook Church,1147238,17100.0,223
church.com,1116524,,20
Covenant Evangelical Free Church,1068651,8460.0,158
Ethiopian Evangelical Church Dallas TX,1058529,7560.0,760
The United Church of Canada,1047334,4880.0,1221
Manna Church,934877,5870.0,1417
Home Church Langley,922876,2130.0,692
Central Church,912156,11600.0,609
Sun Valley Community Church,907077,7200.0,781
KFAME Church,899084,6430.0,1082
National Community Church,898922,11700.0,415
Enon Tabernacle Baptist Church,884176,8890.0,345
Bible World - An Apostolic Church,875915,6700.0,1140
Ethiopian Evangelical Church in Toronto,839800,8200.0,1052
GraceLife Church of Edmonton,836138,14800.0,164
Myers Park United Methodist Church,831601,2730.0,1193
First Pentecostal Church North Little Rock,814367,7030.0,279
Eastern Star Church,789171,6600.0,675
The Anglican Church of Canada,777956,1730.0,916
Eagle Brook Church,767080,12500.0,457
Bridgeway Community Church,752291,6100.0,856
Kindred Church,736424,6970.0,456
Mariners Church,734356,9260.0,407
Berean Christian Church Stone Mountain,730494,9540.0,372
Progressive Baptist Church Chicago,726485,7400.0,320
Bay Area Christian Church,684843,4790.0,354
Forest Hill Church,670327,4110.0,296
Echo.Church,654780,5880.0,1099
The Church Without Walls,653896,6310.0,628
The Church of Eleven22,646515,11700.0,306
Gas Street Church,642553,6130.0,161
CABANA CHURCH,642055,17800.0,249
Crossroads Church,640687,8320.0,392
HNJ Church & Loyola Ministry,622517,4330.0,1770
Vizion Church,619980,8020.0,275
Skyline Church,619811,3330.0,1078
Apostolic Faith Church Chicago,593053,4070.0,798
One Life Church,578329,4450.0,1755
Equippers Church,573702,5780.0,447
St Dominic's Catholic Church San Francisco,572247,4150.0,1818
Commons Church,534378,3880.0,1072
Church of the Resurrection,521603,7770.0,492
New Life Fellowship Church New York City,509369,6210.0,598
Vox Church,500130,6090.0,435
Webster Memorial United Church,499101,3780.0,283
Heath Evangelical Church,481026,,877
Harris Creek Baptist Church,465096,6850.0,402
Venture Christian Church,461352,3650.0,520
First Baptist Church Indian Trail,453149,4730.0,456
Parkside Church,445650,12300.0,226
Scarborough Chinese Alliance Church仕嘉堡華人宣道會,445381,2380.0,762
Northview Community Church,442605,2500.0,485
NorthRidge Church,437399,7950.0,220
Canterbury Christ Church University,435449,3250.0,231
VIVE Church,435187,6700.0,466
BattleCreek Church,428342,4290.0,488
Rock Springs Church,416717,6240.0,422
The Woodlands Methodist Church,409180,3490.0,724
First Baptist Church of James Island,402113,1950.0,437
BEULAH CHURCH OFFICIAL,397796,2890.0,18
Auburn Community Church,396946,5710.0,163
Church of England in Lancashire (Blackburn Diocese),387634,1750.0,697
Woodside Bible Church,384920,2490.0,348
First Presbyterian Church of Columbia,384687,1850.0,976
Newnan City Church,383212,1440.0,131
Monica Church Seattle Real Estate,382202,15000.0,11
First Romanian Pentecostal Church,370227,1900.0,1362
Richland Park SDA Church,365553,2180.0,427
San Jose Catholic Church,363168,2490.0,2832
First Church,359123,4960.0,222
New Life Church,358257,5970.0,310
The Church of St. Andrew & St. Paul,351391,1690.0,584
C4 Church Hawaii,346967,2730.0,315
Park Community Church,344148,2720.0,923
Central Community Church,337808,2430.0,628
Mississippi Boulevard Christian Church,335594,2790.0,541
Apostolic Church,333296,,161
Christ Presbyterian Church,332286,2650.0,513
Northview Church,330223,4290.0,427
FAME CHURCH LOS ANGELES,325169,1880.0,520
Nairobi East Adventist Church,318482,,539
Faith Community Church,315027,3990.0,267
Bayside Community Church,307969,8500.0,327
Garden Church,307582,2750.0,532
Church of the Nativity,305565,3230.0,930
Epic Church,302594,3170.0,644
Movement Church,300852,2270.0,474
Christian Stronghold Church,300249,2190.0,219
The Episcopal Church,297271,4860.0,258
Thee Church Guitarist,295411,8410.0,119
Shoreline Church Monterey,291993,2090.0,1111
Pilgrim Rest Baptist Church,291481,3750.0,453
"St. Mary's Church, Brampton",290595,2670.0,1107
Renaissance Church,290049,2140.0,236
Holy Immanuel Church SLR City,287557,2980.0,319
Dwelling Place Church,287474,2960.0,959
Church of Divine Mercy Singapore,287260,3130.0,558
St. Michael Catholic Church-Houston,285159,1970.0,346
First Baptist Church Broad,284466,2600.0,294
The Temple Church,274308,1940.0,312
Brentwood United Methodist Church,273515,1140.0,491
EastLake Church,273056,4130.0,471
CSI Church of The Good Shepherd Church,272361,1830.0,489
Breakthru Life Church,271668,1780.0,562
Above Bar Church,259257,1320.0,735
Inspire Church Houston,256080,2780.0,612
Limitless Church Fayetteville,256067,6420.0,764
Bay Hope Church,253277,1180.0,1049
Bryanston Catholic Church,245461,2430.0,1213
St. Martin's Episcopal Church Houston,242967,2020.0,396
Saint Mark Baptist Church,241925,2310.0,726
Chroma Church,239980,1640.0,293
Christ Church,238931,3170.0,189
Hills Church,233371,2070.0,385
Rhiza Church,230749,1770.0,131
Turner Chapel AME Church,230580,1620.0,337
City Hope Church,228903,,661
Emergence Church,228600,2350.0,730
Gateway Church,224732,3800.0,283
Stornoway Free Church of Scotland,224281,868.0,466
Brookwood Church,224158,1990.0,235
Soul City Church,223525,5150.0,279
Suncrest United Methodist Church,221961,1050.0,932
Urban Life Church,215226,2430.0,128
Grace Family Church,210341,3310.0,528
Southwest Church,209316,4930.0,226
Hillside Community Church,206547,2330.0,775
Woodstock City Church,203639,2550.0,384
Chesapeake Baptist Church,200110,1730.0,1373
Church Eleven32,199070,2870.0,453
St. George's Anglican Church,197973,1040.0,1436
Temple City Church,196892,,680
Freewill Missionary Baptist Church,195978,1190.0,396
Spencerville Church,195310,1570.0,507
Victory Family Church,195019,3720.0,557
DuPage AME Church,194670,1020.0,926
HopeNYC Church,193319,1980.0,352
prov.church,192265,1840.0,314
Fielder Church,188484,2090.0,263
Lovers Lane United Methodist Church,188153,919.0,1953
Redemption Church Gateway,188126,,496
Compassion Christian Church,182262,4570.0,384
Heights Church,182076,2800.0,286
ABBA CHURCH Marlboro,179367,2380.0,661
Church of the Palms,178178,595.0,1004
NorthRock Church,176463,2310.0,669
Valleydale Church,176390,,437
Carmel Baptist Church,174355,1350.0,245
FREEDOM CHURCH,173907,3080.0,349
St. Vincent Catholic Church,170347,2710.0,2560
Bayview Church San Diego,168402,,329
"Southside Church of Christ Durham, NC",166813,1410.0,162
Vineyard Cincinnati Church,164461,1720.0,670
Saint Louis Catholic Church,163662,,1216
Church News en Español,162196,2960.0,59
Two Cities Church,160520,1830.0,501
Calvary Church Grand Rapids,158964,1560.0,756
The Rock Church CA,158485,2010.0,820
Springcreek Church,158315,1930.0,492
Carnmoney Church,157962,609.0,124
King's Church Chessington,154315,632.0,995
Church Street UMC,153942,807.0,559
Christ Church Fulwood,152689,655.0,204
Grace Community Church,151647,3320.0,313
Journey Community Church,148554,1560.0,175
Tech Pro Church,148102,5380.0,23
Bell Shoals Church,146277,1520.0,302
The Historic Ebenezer Baptist Church,145175,1810.0,221
Trinity Church International,144357,2040.0,118
G3 Church Manila,143527,254.0,3
Mount Paran Church,143456,2150.0,281
Saint Kenneth Catholic Church,143329,1070.0,157
Friendship Baptist Church-Duluth GA,143248,1150.0,239
River Amsterdam Church,143036,1690.0,176
First Baptist Church of South Richmond,142892,1250.0,238
"McGregor Baptist Church Fort Myers, FL",142817,1390.0,315
Star of the Sea Church SF,140706,2230.0,299
Compass Church Salinas,138885,1320.0,674
Bel Air Church,138863,1530.0,394
SDA Church Kizingo,138308,1570.0,592
Antioch Baptist Church North,138279,1080.0,268
Ethos Church,138025,,376
Christ Church Cathedral Oxford,137805,2190.0,296
Spring Hills Church,136894,1890.0,502
Silverdale Baptist Church,135155,1630.0,913
Mount Calvary Baptist Church,134576,1030.0,232
A&M United Methodist Church,134532,878.0,1387
Emmanuel Church,133442,5050.0,356
Southside Church,132809,1820.0,292
Mosaic Church,132159,1150.0,659
Faith Family Church,131882,701.0,1
Riverview Church,128496,2490.0,344
Crosspointe Church,126410,1330.0,190
Summit Church,126067,1940.0,195
Water Of Life Community Church,125290,5880.0,134
Inland Hills Church,124737,3680.0,523
Hill Street Church,123808,474.0,303
The Bridge Church,123658,1400.0,644
Mount Vernon Baptist Church of Chicago,121268,751.0,141
Good Shepherd Catholic Church Elk Grove,120787,1550.0,180
GT CHURCH,119980,1370.0,354
St. Gerard Church,116562,842.0,425
Epiphany Catholic Church,116100,1030.0,222
Corinth Reformed Church,114581,732.0,371
Bethany Lutheran Church,114575,445.0,1171
Alive Church Germany,114205,1360.0,192
Trinity Church Nottingham,114062,774.0,341
Wellington Square United Church,113328,320.0,837
LIFE CHURCH OF ATLANTA,113282,961.0,516
Cedar Lane Unitarian Universalist Church,113243,1080.0,495
Christ Church Tunbridge Wells,113098,658.0,311
GateCity Church,111925,6950.0,164
King's Church Aberdeen,110619,1630.0,560
Faith Christian Church,110408,1680.0,119
"St. Pius X Church, Loudonville, NY",109899,701.0,633
Hope Church RVA,109689,2590.0,244
GRACE. Church,108758,886.0,213
"Zion Baptist Church - Washington, DC (Northwest)",106922,,449
Georgianna Church,106703,810.0,325
St James's Church Piccadilly,106373,1410.0,392
Saint Ann Catholic Church Hoboken NJ,105003,1920.0,174
Central Baptist Church,103806,1350.0,1070
Colonial Church,103666,1040.0,767
St. Laurence Catholic Church,103341,,70
Northwoods Community Church,101279,1570.0,626
North Peoria Church of Christ,101058,1020.0,276
Pathway Community Church Online,100864,1220.0,682
Liberty Baptist Church of Chicago,100689,613.0,308
First Presbyterian Church of Berkeley,100198,,250
Element Church,99846,1300.0,391
Westminster Presbyterian Church • Buffalo,99603,540.0,469
I Am One Church,99542,2960.0,229
The Scottish Episcopal Church,99435,1480.0,219
St John's Church Online,98607,484.0,1322
Colonial Church STA,98182,1800.0,286
Grace Church,97307,2530.0,407
BridgePoint Church,96600,1590.0,355
Germantown Baptist Church,96496,,491
Wooddale Church,96310,2350.0,241
Community Fellowship Church,95872,,264
Crossroads Christian Church,95836,2230.0,573
Palm Valley Church,94599,1980.0,392
St Francis of the Tejas Catholic Church,93636,44.0,129
"Mt. Zion Baptist Church - Austin, Texas",91846,768.0,264
Shiloh Ranch Church,91795,1210.0,395
Christ Church St Laurence,91739,913.0,135
Lifecentre Church,91527,1390.0,392
GracePointe Church,90066,1670.0,128
Fellowship Bible Church WV,87438,810.0,456
Ottawa Seventh-day Adventist Church,87003,847.0,301
St. Francis Xavier College Church,86485,2500.0,345
Church of the Good Shepherd Setapak KL,85546,1140.0,255
"Heritage Fellowship Church, Reston",84605,,135
Little Trinity Church,82657,456.0,222
Second Baptist Church Evanston,82502,636.0,267
St. John Missionary Baptist Church Boston MA,81556,497.0,266
Woodlawn Church,81149,1210.0,219
Rocky.Church,80300,1120.0,143
Bethany Church - La Crosse,79917,566.0,944
Spring Lake Church,79808,875.0,715
Meadowbrook Church,78768,2980.0,187
Buckingham Parish Church,78747,619.0,567
Kerith Community Church,78231,1130.0,569
Elmbrook Church,78229,1360.0,322
Platt Church,78072,748.0,130
Princeton Alliance Church,77739,1040.0,217
"Christ Episcopal Church, Charlottesville",77418,578.0,405
FA Church,76482,1040.0,221
Autumn Ridge Church,76147,996.0,385
CrossWinds Church,75687,928.0,208
Church of England Evangelical Council,75191,792.0,10
NorthPointe Community Church,72884,1200.0,341
First Reformed Church of Landis,70499,606.0,345
"Mount Ararat Baptist Church Pittsburgh, PA",70393,2380.0,110
Krishna Church Brasil,70079,,11
Trinity Church Perth,69534,439.0,247
Wesley Methodist Church Singapore,69239,2920.0,17
St. Joseph Catholic Church Grimsby,68441,1240.0,1476
Cathedral Church of St Luke,66630,621.0,572
Circular Congregational Church,66540,650.0,307
ITOWN Church,66439,3850.0,89
Epicentre Church,65637,530.0,260
Edmond Church of Christ,65512,1280.0,542
St. Albert Canadian Reformed Church,65140,564.0,270
Knock Presbyterian Church Belfast,62996,314.0,168
Willowfield Church,61823,367.0,386
Christ Church Cathedral Victoria,61532,421.0,342
The Cove Church,61253,3720.0,236
Church Times,60239,1040.0,93
Stateline Church,59164,940.0,300
Brightons Parish Church,58030,300.0,324
Dundonald Parish Church,58025,247.0,216
Gateway Church ,56843,1320.0,198
Trace Church CO,55339,867.0,477
Holy Family Catholic Church St. Louis Park,55230,1370.0,628
Parkview Church,54673,266.0,203
ChristWay Church,54467,1170.0,129
Discover Life Seventh-day Adventist Church,53668,606.0,365
Influencers Church USA,53601,923.0,40
Grace Church NYC,52612,377.0,282
Boulder Adventist Church,52255,606.0,422
St. Andrew Catholic Church - Roswell,51931,650.0,391
Vertical Life Church,50774,615.0,214
Stone Hill Church,49845,502.0,215
Local Church,49006,1040.0,417
NPHX Church,47920,1650.0,232
Camden Haven Anglican Church,47039,368.0,328
Denver United Church,46374,586.0,566
"First Baptist Church, Savannah, Georgia",45887,355.0,154
Tees Valley Community Church,45801,500.0,344
"First United Methodist Church, Duluth, MN",45068,327.0,128
Purpose Church,44384,767.0,346
Timberline Church,43975,834.0,466
Myers Park Baptist Church,43708,477.0,376
Belcroft Bible Church,42509,,258
"Gateway Church - London, Ontario",42343,781.0,659
Letchworth Garden City Church,42006,418.0,258
Unitarian Church of Baton Rouge,41646,462.0,195
Hope Valley Church Online,40041,387.0,152
"First Mount Zion Baptist Church Dumfries, VA",39825,545.0,181
Lawrence Park Community Church,39494,191.0,368
Trinity Church DC,36878,1250.0,194
City Church Sheffield,36301,569.0,158
St Meddan's Church,35937,232.0,164
Suncoast Church,35876,497.0,124
Church Society,35746,553.0,357
Advent Life Church,34706,1120.0,107
Freshbrook Church,34215,192.0,251
First Christian Church of Fort Myers,32824,525.0,131
Church of Ireland,32711,445.0,43
Coptic church,31207,,41
Leawood United Methodist Church,30236,167.0,165
Brick Lane Community Church,29676,269.0,275
Bethany Baptist Church - Newark,27196,1080.0,66
Bridgewater United Church,25895,239.0,116
living hope church,25296,77.0,44
"Church of Saint Agnes, NYC",25273,877.0,74
Northside Church Sydney,25233,263.0,125
Southampton United Church,24367,159.0,176
Kingsway Church,24056,739.0,81
Canford Magna Parish Church and Breakfast9,23917,81.0,1314
Jebelali Malayalam Community Francis Assisi Church,23500,453.0,16
Greater Zion Missionary Baptist Church,20505,941.0,29
Resurrection Church Kids,20499,130.0,161
St. Theresa Catholic Church and School,19814,1160.0,177
Slavic Christian Church San Diego,19433,,1004
Greenview Church,19368,230.0,106
Cornerstone Church,18619,450.0,242
Salvation Army Church Grand Falls -Windsor,17029,60.0,32
Bedford Presbyterian Church NH,16897,235.0,203
New Story Church,15397,81.0,73
Church Growth International,14261,80.0,47
CP Kids - Center Pointe Christian Church,13786,155.0,457
Family of God Baptist Church,11325,48.0,177
"Gloria Dei Lutheran Church Leesburg, Florida",10613,44.0,219
Maranatha Free Reformed Church,9682,145.0,30
Cafe Church,8332,70.0,1
The Peoples Church,7899,7.0,50
Church Interiors,6586,50.0,1
Orange East Anglican Church,6482,43.0,158
Nashville Christian Church,6249,17.0,40
Trinity United Methodist Church,5650,8.0,47
Grace Bible Church,5380,30.0,2
Redemption Church Hungary,5303,106.0,108
Church of the Cross Admin,5185,39.0,134
Circleville Church of Christ,5136,20.0,4
New York Buddhist Church,5101,661.0,31
Sonoma Valley Church Of The Nazarene,3777,31.0,129
Mt. Olive Baptist Church,3594,15.0,27
Victorious Church Leduc,3373,53.0,97
Bethel African Methodist Episcopal Church Lancaster Pennsylvania,2735,23.0,1
Emanuel Lutheran Church and School,2673,,118
"Oak Grove MB Church Memphis, TN",2559,31.0,1
Snyder Memorial Baptist Church,2486,78.0,285
Parkminster United Church,1927,48.0,140
The Cathedral Church of St. Peter,1700,15.0,9
Weybridge Congregational Church,1455,2.0,17
Good Shepherd Presbyterian Church,1302,31.0,3
Central First Baptist Church,569,6.0,19
Bodden Town Seventh-Day Adventist Church KY,543,104.0,3
Chosen Bible Church International,318,49.0,1
St Charles RC Church Gosforth,0,245.0,0
True Bethel Baptist Church,0,30.0,0
Journey Church Tampa,0,42.0,0
St. John's Anglican Church,0,23.0,0
Old Town Community Church,0,12.0,0
